{"format":2,"version":"7.2.2","globals":"1929630d5bdcc2b9c6f7adbfa669e3f2","files":{"pygeodesy3___init___py":{"hash":"622f9a5b9c3a3fc3e68f7897c1c56784","index":{"nums":[0,1,20,29,1,0,0,0],"html_filename":"pygeodesy3___init___py.html","relative_filename":"pygeodesy3/__init__.py"}},"pygeodesy3_base___init___py":{"hash":"1f20a596328120456c5519f8c39c6469","index":{"nums":[0,1,5,9,1,0,0,0],"html_filename":"pygeodesy3_base___init___py.html","relative_filename":"pygeodesy3/base/__init__.py"}},"pygeodesy3_base_cartesian_py":{"hash":"52a5b69373fb1b8d283da992d68809b0","index":{"nums":[0,1,214,10,13,0,0,0],"html_filename":"pygeodesy3_base_cartesian_py.html","relative_filename":"pygeodesy3/base/cartesian.py"}},"pygeodesy3_base_karney_py":{"hash":"26df19b06a4fab78f8cd4ce628cf384a","index":{"nums":[0,1,278,57,15,0,0,0],"html_filename":"pygeodesy3_base_karney_py.html","relative_filename":"pygeodesy3/base/karney.py"}},"pygeodesy3_base_latlon_py":{"hash":"61b7fddb1eb72be6856135e696c26d1d","index":{"nums":[0,1,466,35,36,0,0,0],"html_filename":"pygeodesy3_base_latlon_py.html","relative_filename":"pygeodesy3/base/latlon.py"}},"pygeodesy3_base_nvector_py":{"hash":"a57c2d66877dc02c3de22d04bcf8565e","index":{"nums":[0,1,245,8,11,0,0,0],"html_filename":"pygeodesy3_base_nvector_py.html","relative_filename":"pygeodesy3/base/nvector.py"}},"pygeodesy3_base_solve_py":{"hash":"35fa7aa06e47dc3fb115b633bc16251b","index":{"nums":[0,1,214,31,12,0,0,0],"html_filename":"pygeodesy3_base_solve_py.html","relative_filename":"pygeodesy3/base/solve.py"}},"pygeodesy3_base_units_py":{"hash":"79c45e89b24324a87902f4892a557187","index":{"nums":[0,1,101,6,1,0,0,0],"html_filename":"pygeodesy3_base_units_py.html","relative_filename":"pygeodesy3/base/units.py"}},"pygeodesy3_base_utmups_py":{"hash":"371875419eee6e28e4301688e2feb5cb","index":{"nums":[0,1,231,21,5,0,0,0],"html_filename":"pygeodesy3_base_utmups_py.html","relative_filename":"pygeodesy3/base/utmups.py"}},"pygeodesy3_base_vector3d_py":{"hash":"54ee3ed8c66da9b41594d396e269be6c","index":{"nums":[0,1,271,84,21,0,0,0],"html_filename":"pygeodesy3_base_vector3d_py.html","relative_filename":"pygeodesy3/base/vector3d.py"}},"pygeodesy3_constants_py":{"hash":"b4b2645a5b735643f9b2708e47f7d7ac","index":{"nums":[0,1,195,82,4,0,0,0],"html_filename":"pygeodesy3_constants_py.html","relative_filename":"pygeodesy3/constants.py"}},"pygeodesy3_deprecated___init___py":{"hash":"562fa4c9aef870ae2462ed2ac0eaed56","index":{"nums":[0,1,7,0,1,0,0,0],"html_filename":"pygeodesy3_deprecated___init___py.html","relative_filename":"pygeodesy3/deprecated/__init__.py"}},"pygeodesy3_distances___init___py":{"hash":"60293d3c6fdad0d8bf39ae2fa842318b","index":{"nums":[0,1,6,5,1,0,0,0],"html_filename":"pygeodesy3_distances___init___py.html","relative_filename":"pygeodesy3/distances/__init__.py"}},"pygeodesy3_distances_formy_py":{"hash":"85e16b9f4794ca9ada7aa8781feaf2ce","index":{"nums":[0,1,459,19,12,0,0,0],"html_filename":"pygeodesy3_distances_formy_py.html","relative_filename":"pygeodesy3/distances/formy.py"}},"pygeodesy3_distances_frechet_py":{"hash":"30a7724e8f573fd97c61350ff7d080d8","index":{"nums":[0,1,208,82,8,0,0,0],"html_filename":"pygeodesy3_distances_frechet_py.html","relative_filename":"pygeodesy3/distances/frechet.py"}},"pygeodesy3_distances_hausdorff_py":{"hash":"fe9b027f1a642c9e2497539be8a59d5b","index":{"nums":[0,1,236,68,10,0,0,0],"html_filename":"pygeodesy3_distances_hausdorff_py.html","relative_filename":"pygeodesy3/distances/hausdorff.py"}},"pygeodesy3_distances_resections_py":{"hash":"bb2beec10e4faa31cd41aa0007c77296","index":{"nums":[0,1,372,67,11,0,0,0],"html_filename":"pygeodesy3_distances_resections_py.html","relative_filename":"pygeodesy3/distances/resections.py"}},"pygeodesy3_earth___init___py":{"hash":"c09ded5a0140fc979677bca9ca58eb09","index":{"nums":[0,1,6,6,1,0,0,0],"html_filename":"pygeodesy3_earth___init___py.html","relative_filename":"pygeodesy3/earth/__init__.py"}},"pygeodesy3_earth_datums_py":{"hash":"f2a56be3b85d84a2bd4431d9797065d9","index":{"nums":[0,1,219,17,13,0,0,0],"html_filename":"pygeodesy3_earth_datums_py.html","relative_filename":"pygeodesy3/earth/datums.py"}},"pygeodesy3_earth_ecef_py":{"hash":"8a46deada432d119e2f821ced3ebf475","index":{"nums":[0,1,451,45,21,0,0,0],"html_filename":"pygeodesy3_earth_ecef_py.html","relative_filename":"pygeodesy3/earth/ecef.py"}},"pygeodesy3_earth_ellipsoids_py":{"hash":"28422a3df9d91b9a55118bc480f814fb","index":{"nums":[0,1,739,56,29,0,0,0],"html_filename":"pygeodesy3_earth_ellipsoids_py.html","relative_filename":"pygeodesy3/earth/ellipsoids.py"}},"pygeodesy3_earth_trf_py":{"hash":"1544080ce36ccc8c3d39553afa9868f2","index":{"nums":[0,1,177,27,5,0,0,0],"html_filename":"pygeodesy3_earth_trf_py.html","relative_filename":"pygeodesy3/earth/trf.py"}},"pygeodesy3_earth_triaxials_py":{"hash":"3d05ae2350b85e87e768587a56d81998","index":{"nums":[0,1,589,41,25,0,0,0],"html_filename":"pygeodesy3_earth_triaxials_py.html","relative_filename":"pygeodesy3/earth/triaxials.py"}},"pygeodesy3_elevations___init___py":{"hash":"5fe998ed07350e784277c6e74aee8e80","index":{"nums":[0,1,6,4,1,0,0,0],"html_filename":"pygeodesy3_elevations___init___py.html","relative_filename":"pygeodesy3/elevations/__init__.py"}},"pygeodesy3_elevations_geoids_py":{"hash":"add4921b9a4b2ef792b093eb99453c20","index":{"nums":[0,1,672,108,33,0,0,0],"html_filename":"pygeodesy3_elevations_geoids_py.html","relative_filename":"pygeodesy3/elevations/geoids.py"}},"pygeodesy3_elevations_heights_py":{"hash":"dbee1705edea64c4a9e35b9a9b85b260","index":{"nums":[0,1,312,98,15,0,0,0],"html_filename":"pygeodesy3_elevations_heights_py.html","relative_filename":"pygeodesy3/elevations/heights.py"}},"pygeodesy3_elevations_webs_py":{"hash":"6beefaaa25f4cf95d115dbf8de25edd2","index":{"nums":[0,1,70,36,14,0,0,0],"html_filename":"pygeodesy3_elevations_webs_py.html","relative_filename":"pygeodesy3/elevations/webs.py"}},"pygeodesy3_ellipsoidal___init___py":{"hash":"ed4ef230d2a2778fa553ad8fe09f497a","index":{"nums":[0,1,5,2,1,0,0,0],"html_filename":"pygeodesy3_ellipsoidal___init___py.html","relative_filename":"pygeodesy3/ellipsoidal/__init__.py"}},"pygeodesy3_ellipsoidal_base_py":{"hash":"2b828a1f764f88070f07f4d0f3604d3c","index":{"nums":[0,1,285,37,18,0,0,0],"html_filename":"pygeodesy3_ellipsoidal_base_py.html","relative_filename":"pygeodesy3/ellipsoidal/base.py"}},"pygeodesy3_ellipsoidal_baseDI_py":{"hash":"674e5c1870c92e22923a14c6966b6a71","index":{"nums":[0,1,338,28,31,0,0,0],"html_filename":"pygeodesy3_ellipsoidal_baseDI_py.html","relative_filename":"pygeodesy3/ellipsoidal/baseDI.py"}},"pygeodesy3_ellipsoidal_exact_py":{"hash":"39201464843a90da4025881c660be3a0","index":{"nums":[0,1,40,1,0,0,0,0],"html_filename":"pygeodesy3_ellipsoidal_exact_py.html","relative_filename":"pygeodesy3/ellipsoidal/exact.py"}},"pygeodesy3_ellipsoidal_karney_py":{"hash":"960f6c74e8061b765a5a1f5b6d629e52","index":{"nums":[0,1,40,1,0,0,0,0],"html_filename":"pygeodesy3_ellipsoidal_karney_py.html","relative_filename":"pygeodesy3/ellipsoidal/karney.py"}},"pygeodesy3_ellipsoidal_nvector_py":{"hash":"bbd5b01cc4740c1d9d7b1727254dfa5f","index":{"nums":[0,1,127,1,5,0,0,0],"html_filename":"pygeodesy3_ellipsoidal_nvector_py.html","relative_filename":"pygeodesy3/ellipsoidal/nvector.py"}},"pygeodesy3_ellipsoidal_solve_py":{"hash":"bbd074f2e4704d9c10096f89fdb391d3","index":{"nums":[0,1,40,1,0,0,0,0],"html_filename":"pygeodesy3_ellipsoidal_solve_py.html","relative_filename":"pygeodesy3/ellipsoidal/solve.py"}},"pygeodesy3_ellipsoidal_vincenty_py":{"hash":"bd6a97f6a50310e4a777cd276f9bc938","index":{"nums":[0,1,175,8,2,0,0,0],"html_filename":"pygeodesy3_ellipsoidal_vincenty_py.html","relative_filename":"pygeodesy3/ellipsoidal/vincenty.py"}},"pygeodesy3_geodesic___init___py":{"hash":"6baa0a257a0e1fd0b71b8b82521bc0e8","index":{"nums":[0,1,6,4,1,0,0,0],"html_filename":"pygeodesy3_geodesic___init___py.html","relative_filename":"pygeodesy3/geodesic/__init__.py"}},"pygeodesy3_geodesic_exact__C4_24_py":{"hash":"bb30feca1cb0d324105ef53461cda6bb","index":{"nums":[0,1,7,2,0,0,0,0],"html_filename":"pygeodesy3_geodesic_exact__C4_24_py.html","relative_filename":"pygeodesy3/geodesic/exact/_C4_24.py"}},"pygeodesy3_geodesic_exact__C4_27_py":{"hash":"d5e46eccc98f4d0f4aa2bb7eef5ce65d","index":{"nums":[0,1,7,2,0,0,0,0],"html_filename":"pygeodesy3_geodesic_exact__C4_27_py.html","relative_filename":"pygeodesy3/geodesic/exact/_C4_27.py"}},"pygeodesy3_geodesic_exact__C4_30_py":{"hash":"d1cb0f90f5e1cdcb78b447b4538e1019","index":{"nums":[0,1,7,2,0,0,0,0],"html_filename":"pygeodesy3_geodesic_exact__C4_30_py.html","relative_filename":"pygeodesy3/geodesic/exact/_C4_30.py"}},"pygeodesy3_geodesic_exact___init___py":{"hash":"90d32eac124fa525412a4703f2a29cf7","index":{"nums":[0,1,7,0,0,0,0,0],"html_filename":"pygeodesy3_geodesic_exact___init___py.html","relative_filename":"pygeodesy3/geodesic/exact/__init__.py"}},"pygeodesy3_geodesic_exact_gx_py":{"hash":"6c236a501787ed8fc700cc471ded050e","index":{"nums":[0,1,512,30,33,0,0,0],"html_filename":"pygeodesy3_geodesic_exact_gx_py.html","relative_filename":"pygeodesy3/geodesic/exact/gx.py"}},"pygeodesy3_geodesic_exact_gxarea_py":{"hash":"21dff7a524c141bcb954719a50346967","index":{"nums":[0,1,214,29,10,0,0,0],"html_filename":"pygeodesy3_geodesic_exact_gxarea_py.html","relative_filename":"pygeodesy3/geodesic/exact/gxarea.py"}},"pygeodesy3_geodesic_exact_gxbases_py":{"hash":"855c4d7e22394cf051771baa72aec6aa","index":{"nums":[0,1,53,1,4,0,0,0],"html_filename":"pygeodesy3_geodesic_exact_gxbases_py.html","relative_filename":"pygeodesy3/geodesic/exact/gxbases.py"}},"pygeodesy3_geodesic_exact_gxline_py":{"hash":"1f7141430b4546302aa85c8aa8178155","index":{"nums":[0,1,238,28,7,0,0,0],"html_filename":"pygeodesy3_geodesic_exact_gxline_py.html","relative_filename":"pygeodesy3/geodesic/exact/gxline.py"}},"pygeodesy3_geodesic_solve_py":{"hash":"397785db37884e05550912bd1e84b26e","index":{"nums":[0,1,79,45,5,0,0,0],"html_filename":"pygeodesy3_geodesic_solve_py.html","relative_filename":"pygeodesy3/geodesic/solve.py"}},"pygeodesy3_geodesic_wrap_py":{"hash":"6bd32ff2cb62e6f788684b48f9aca050","index":{"nums":[0,1,209,14,22,0,0,0],"html_filename":"pygeodesy3_geodesic_wrap_py.html","relative_filename":"pygeodesy3/geodesic/wrap.py"}},"pygeodesy3_grids___init___py":{"hash":"a56f65d67bebfe8346e9b69a0f032844","index":{"nums":[0,1,6,7,1,0,0,0],"html_filename":"pygeodesy3_grids___init___py.html","relative_filename":"pygeodesy3/grids/__init__.py"}},"pygeodesy3_grids_epsg_py":{"hash":"b248ed407bfec83b0bd3b699e8db7080","index":{"nums":[0,1,101,7,2,0,0,0],"html_filename":"pygeodesy3_grids_epsg_py.html","relative_filename":"pygeodesy3/grids/epsg.py"}},"pygeodesy3_grids_gars_py":{"hash":"69f8fd9d2b83146029e5c1873931d722","index":{"nums":[0,1,141,10,3,0,0,0],"html_filename":"pygeodesy3_grids_gars_py.html","relative_filename":"pygeodesy3/grids/gars.py"}},"pygeodesy3_grids_geohash_py":{"hash":"cb97e0d5a3e4fce9d9b006495b2e6e87","index":{"nums":[0,1,274,11,5,0,0,0],"html_filename":"pygeodesy3_grids_geohash_py.html","relative_filename":"pygeodesy3/grids/geohash.py"}},"pygeodesy3_grids_mgrs_py":{"hash":"3c54b63199cc01095609ebd4d74e58fb","index":{"nums":[0,1,254,52,2,0,0,0],"html_filename":"pygeodesy3_grids_mgrs_py.html","relative_filename":"pygeodesy3/grids/mgrs.py"}},"pygeodesy3_grids_osgr_py":{"hash":"e470b277a73b647214bb3c78b61f6544","index":{"nums":[0,1,303,65,9,0,0,0],"html_filename":"pygeodesy3_grids_osgr_py.html","relative_filename":"pygeodesy3/grids/osgr.py"}},"pygeodesy3_grids_wgrs_py":{"hash":"b4d344962028c8043803960b17b0db3d","index":{"nums":[0,1,188,7,4,0,0,0],"html_filename":"pygeodesy3_grids_wgrs_py.html","relative_filename":"pygeodesy3/grids/wgrs.py"}},"pygeodesy3_interns_py":{"hash":"67296b50da9a0ab0c51e232d302d1e00","index":{"nums":[0,1,453,25,13,0,0,0],"html_filename":"pygeodesy3_interns_py.html","relative_filename":"pygeodesy3/interns.py"}},"pygeodesy3_lazily_py":{"hash":"76d5f00edfe1ab74b14d447cfa27790b","index":{"nums":[0,1,242,92,47,0,0,0],"html_filename":"pygeodesy3_lazily_py.html","relative_filename":"pygeodesy3/lazily.py"}},"pygeodesy3_maths___init___py":{"hash":"ecbcdd56235475c3d2e655991610515f","index":{"nums":[0,1,6,9,1,0,0,0],"html_filename":"pygeodesy3_maths___init___py.html","relative_filename":"pygeodesy3/maths/__init__.py"}},"pygeodesy3_maths_auxilats__CX_4_py":{"hash":"3aa558ee944e4eddd14a0e9872ebd2cd","index":{"nums":[0,1,9,0,0,0,0,0],"html_filename":"pygeodesy3_maths_auxilats__CX_4_py.html","relative_filename":"pygeodesy3/maths/auxilats/_CX_4.py"}},"pygeodesy3_maths_auxilats__CX_6_py":{"hash":"6a4ded933e8cca08ff78b35dc89c66f6","index":{"nums":[0,1,9,0,0,0,0,0],"html_filename":"pygeodesy3_maths_auxilats__CX_6_py.html","relative_filename":"pygeodesy3/maths/auxilats/_CX_6.py"}},"pygeodesy3_maths_auxilats__CX_8_py":{"hash":"789070c140def4fdc4d81106e43ef7b1","index":{"nums":[0,1,9,0,0,0,0,0],"html_filename":"pygeodesy3_maths_auxilats__CX_8_py.html","relative_filename":"pygeodesy3/maths/auxilats/_CX_8.py"}},"pygeodesy3_maths_auxilats___init___py":{"hash":"405cc2fafc5ddabba5cc8ce69340ab2e","index":{"nums":[0,1,9,0,0,0,0,0],"html_filename":"pygeodesy3_maths_auxilats___init___py.html","relative_filename":"pygeodesy3/maths/auxilats/__init__.py"}},"pygeodesy3_maths_auxilats_auxAngle_py":{"hash":"1c8f08ce5e8f04e30796c21b11768d74","index":{"nums":[0,1,225,31,10,0,0,0],"html_filename":"pygeodesy3_maths_auxilats_auxAngle_py.html","relative_filename":"pygeodesy3/maths/auxilats/auxAngle.py"}},"pygeodesy3_maths_auxilats_auxDLat_py":{"hash":"b7b6ca38ad66199324d643b916567a77","index":{"nums":[0,1,149,10,8,0,0,0],"html_filename":"pygeodesy3_maths_auxilats_auxDLat_py.html","relative_filename":"pygeodesy3/maths/auxilats/auxDLat.py"}},"pygeodesy3_maths_auxilats_auxDST_py":{"hash":"f1a07cddf5b2a6d97ad149e94632bd4a","index":{"nums":[0,1,99,16,3,0,0,0],"html_filename":"pygeodesy3_maths_auxilats_auxDST_py.html","relative_filename":"pygeodesy3/maths/auxilats/auxDST.py"}},"pygeodesy3_maths_auxilats_auxLat_py":{"hash":"f41c93bb0b44ab06555d6ee4a59b3f7d","index":{"nums":[0,1,433,39,30,0,0,0],"html_filename":"pygeodesy3_maths_auxilats_auxLat_py.html","relative_filename":"pygeodesy3/maths/auxilats/auxLat.py"}},"pygeodesy3_maths_auxilats_auxily_py":{"hash":"c1cbe32b2de97aa62b2fe7e5825c71e8","index":{"nums":[0,1,115,29,8,0,0,0],"html_filename":"pygeodesy3_maths_auxilats_auxily_py.html","relative_filename":"pygeodesy3/maths/auxilats/auxily.py"}},"pygeodesy3_maths_elliptic_py":{"hash":"d91a5554bd8502cbe0235e5b283a64e1","index":{"nums":[0,1,481,52,19,0,0,0],"html_filename":"pygeodesy3_maths_elliptic_py.html","relative_filename":"pygeodesy3/maths/elliptic.py"}},"pygeodesy3_maths_fmath_py":{"hash":"866fd9bcb9cc2c91ae26e62d28854917","index":{"nums":[0,1,276,73,12,0,0,0],"html_filename":"pygeodesy3_maths_fmath_py.html","relative_filename":"pygeodesy3/maths/fmath.py"}},"pygeodesy3_maths_fstats_py":{"hash":"ff14eab6230719223b20140377023824","index":{"nums":[0,1,307,24,4,0,0,0],"html_filename":"pygeodesy3_maths_fstats_py.html","relative_filename":"pygeodesy3/maths/fstats.py"}},"pygeodesy3_maths_fsums_py":{"hash":"81ff796cc1a516554ff265d5c79af617","index":{"nums":[0,1,701,113,18,0,0,0],"html_filename":"pygeodesy3_maths_fsums_py.html","relative_filename":"pygeodesy3/maths/fsums.py"}},"pygeodesy3_maths_umath_py":{"hash":"fc529fe0b6588614e777c1408e7fbe13","index":{"nums":[0,1,336,14,31,0,0,0],"html_filename":"pygeodesy3_maths_umath_py.html","relative_filename":"pygeodesy3/maths/umath.py"}},"pygeodesy3_maths_vector2d_py":{"hash":"9a3680accfef3119b63c4f492f34f7ae","index":{"nums":[0,1,319,24,7,0,0,0],"html_filename":"pygeodesy3_maths_vector2d_py.html","relative_filename":"pygeodesy3/maths/vector2d.py"}},"pygeodesy3_maths_vector3d_py":{"hash":"b186a5295d01fe3a9a9bba8adcfb42b2","index":{"nums":[0,1,243,44,10,0,0,0],"html_filename":"pygeodesy3_maths_vector3d_py.html","relative_filename":"pygeodesy3/maths/vector3d.py"}},"pygeodesy3_miscs___init___py":{"hash":"4d381a2dd9672ac5ed1e88251792c56e","index":{"nums":[0,1,6,10,1,0,0,0],"html_filename":"pygeodesy3_miscs___init___py.html","relative_filename":"pygeodesy3/miscs/__init__.py"}},"pygeodesy3_miscs_basics_py":{"hash":"f042e5c983fb2d9ca0639441ea7151f7","index":{"nums":[0,1,246,94,15,0,0,0],"html_filename":"pygeodesy3_miscs_basics_py.html","relative_filename":"pygeodesy3/miscs/basics.py"}},"pygeodesy3_miscs_dms_py":{"hash":"af0bb69c2a3742dca7cd1e82f11fddc2","index":{"nums":[0,1,283,33,13,0,0,0],"html_filename":"pygeodesy3_miscs_dms_py.html","relative_filename":"pygeodesy3/miscs/dms.py"}},"pygeodesy3_miscs_errors_py":{"hash":"29e727a0aa0602e0f041881ab28b88a1","index":{"nums":[0,1,274,49,19,0,0,0],"html_filename":"pygeodesy3_miscs_errors_py.html","relative_filename":"pygeodesy3/miscs/errors.py"}},"pygeodesy3_miscs_iters_py":{"hash":"2ee856a38bc3ed7a717afac31898e897","index":{"nums":[0,1,203,25,7,0,0,0],"html_filename":"pygeodesy3_miscs_iters_py.html","relative_filename":"pygeodesy3/miscs/iters.py"}},"pygeodesy3_miscs_named_py":{"hash":"fc7b55f05194e07ee90a9a26d81fda76","index":{"nums":[0,1,450,106,16,0,0,0],"html_filename":"pygeodesy3_miscs_named_py.html","relative_filename":"pygeodesy3/miscs/named.py"}},"pygeodesy3_miscs_namedTuples_py":{"hash":"82df519d0d36d373c3857253f2389a23","index":{"nums":[0,1,197,1,5,0,0,0],"html_filename":"pygeodesy3_miscs_namedTuples_py.html","relative_filename":"pygeodesy3/miscs/namedTuples.py"}},"pygeodesy3_miscs_props_py":{"hash":"adcfe81313a84c6412f04d84130d6b6d","index":{"nums":[0,1,207,55,14,0,0,0],"html_filename":"pygeodesy3_miscs_props_py.html","relative_filename":"pygeodesy3/miscs/props.py"}},"pygeodesy3_miscs_streprs_py":{"hash":"a6bf912bc4a3c66bc36652239c3968ff","index":{"nums":[0,1,269,19,12,0,0,0],"html_filename":"pygeodesy3_miscs_streprs_py.html","relative_filename":"pygeodesy3/miscs/streprs.py"}},"pygeodesy3_miscs_units_py":{"hash":"2b5b6e370d2386e0e0672eccfde1b78c","index":{"nums":[0,1,314,18,19,0,0,0],"html_filename":"pygeodesy3_miscs_units_py.html","relative_filename":"pygeodesy3/miscs/units.py"}},"pygeodesy3_polygonal___init___py":{"hash":"3bb97b1feb21d4719ad6f8b34fbf259c","index":{"nums":[0,1,6,5,1,0,0,0],"html_filename":"pygeodesy3_polygonal___init___py.html","relative_filename":"pygeodesy3/polygonal/__init__.py"}},"pygeodesy3_polygonal_booleans_py":{"hash":"879f20a7419ade25eabda5e6c9923770","index":{"nums":[0,1,982,118,60,0,0,0],"html_filename":"pygeodesy3_polygonal_booleans_py.html","relative_filename":"pygeodesy3/polygonal/booleans.py"}},"pygeodesy3_polygonal_clipy_py":{"hash":"7261142aac1df335e14dc325eb92883e","index":{"nums":[0,1,318,18,14,0,0,0],"html_filename":"pygeodesy3_polygonal_clipy_py.html","relative_filename":"pygeodesy3/polygonal/clipy.py"}},"pygeodesy3_polygonal_points_py":{"hash":"6b4a98ef2331ef8b9a64244741d3cab9","index":{"nums":[0,1,534,80,38,0,0,0],"html_filename":"pygeodesy3_polygonal_points_py.html","relative_filename":"pygeodesy3/polygonal/points.py"}},"pygeodesy3_polygonal_simplify_py":{"hash":"99ad2fd5aece4fa4a1b43f35dbf23b2b","index":{"nums":[0,1,227,4,2,0,0,0],"html_filename":"pygeodesy3_polygonal_simplify_py.html","relative_filename":"pygeodesy3/polygonal/simplify.py"}},"pygeodesy3_projections___init___py":{"hash":"4d6d1ccff2c0b769f1eb666f8aa7135e","index":{"nums":[0,1,6,13,1,0,0,0],"html_filename":"pygeodesy3_projections___init___py.html","relative_filename":"pygeodesy3/projections/__init__.py"}},"pygeodesy3_projections_albers_py":{"hash":"e595f513f3483015a7845ea669274038","index":{"nums":[0,1,423,21,13,0,0,0],"html_filename":"pygeodesy3_projections_albers_py.html","relative_filename":"pygeodesy3/projections/albers.py"}},"pygeodesy3_projections_azimuthal_py":{"hash":"bc763275465c2d10ad6ea04e3184edc1","index":{"nums":[0,1,314,55,3,0,0,0],"html_filename":"pygeodesy3_projections_azimuthal_py.html","relative_filename":"pygeodesy3/projections/azimuthal.py"}},"pygeodesy3_projections_css_py":{"hash":"143b0d774d0395163dce59f806697644","index":{"nums":[0,1,234,8,6,0,0,0],"html_filename":"pygeodesy3_projections_css_py.html","relative_filename":"pygeodesy3/projections/css.py"}},"pygeodesy3_projections_etm_py":{"hash":"b526b7c7f2f536fe8aa28f82ca79950a","index":{"nums":[0,1,412,77,33,0,0,0],"html_filename":"pygeodesy3_projections_etm_py.html","relative_filename":"pygeodesy3/projections/etm.py"}},"pygeodesy3_projections_ktm_py":{"hash":"a89bd2d2ab41dfce123872e4a1701a2d","index":{"nums":[0,1,229,40,8,0,0,0],"html_filename":"pygeodesy3_projections_ktm_py.html","relative_filename":"pygeodesy3/projections/ktm.py"}},"pygeodesy3_projections_lcc_py":{"hash":"495a8b6a85bff862a047257e2469e28f","index":{"nums":[0,1,277,6,10,0,0,0],"html_filename":"pygeodesy3_projections_lcc_py.html","relative_filename":"pygeodesy3/projections/lcc.py"}},"pygeodesy3_projections_ltp_py":{"hash":"6693c131acb5f9b665030008e98dad42","index":{"nums":[0,1,412,42,16,0,0,0],"html_filename":"pygeodesy3_projections_ltp_py.html","relative_filename":"pygeodesy3/projections/ltp.py"}},"pygeodesy3_projections_ltpTuples_py":{"hash":"4520018e412310099a3b47c8e4397b70","index":{"nums":[0,1,565,37,32,0,0,0],"html_filename":"pygeodesy3_projections_ltpTuples_py.html","relative_filename":"pygeodesy3/projections/ltpTuples.py"}},"pygeodesy3_projections_ups_py":{"hash":"eef326bab0320fb111d24889a16219dd","index":{"nums":[0,1,165,6,5,0,0,0],"html_filename":"pygeodesy3_projections_ups_py.html","relative_filename":"pygeodesy3/projections/ups.py"}},"pygeodesy3_projections_utm_py":{"hash":"404661573a41ce6ad10d20d6d0082c82","index":{"nums":[0,1,264,17,8,0,0,0],"html_filename":"pygeodesy3_projections_utm_py.html","relative_filename":"pygeodesy3/projections/utm.py"}},"pygeodesy3_projections_utmups_py":{"hash":"1e2303d255750e41daf2856bb6e1e360","index":{"nums":[0,1,87,13,3,0,0,0],"html_filename":"pygeodesy3_projections_utmups_py.html","relative_filename":"pygeodesy3/projections/utmups.py"}},"pygeodesy3_projections_webmercator_py":{"hash":"1c489a30e64331ccb35a349276ce0301","index":{"nums":[0,1,127,7,1,0,0,0],"html_filename":"pygeodesy3_projections_webmercator_py.html","relative_filename":"pygeodesy3/projections/webmercator.py"}},"pygeodesy3_rhumb___init___py":{"hash":"917ca8252d6b3196f65acd97838d1ff4","index":{"nums":[0,1,6,4,1,0,0,0],"html_filename":"pygeodesy3_rhumb___init___py.html","relative_filename":"pygeodesy3/rhumb/__init__.py"}},"pygeodesy3_rhumb_aux__py":{"hash":"b61133dae340656129274a1309f6f066","index":{"nums":[0,1,145,2,7,0,0,0],"html_filename":"pygeodesy3_rhumb_aux__py.html","relative_filename":"pygeodesy3/rhumb/aux_.py"}},"pygeodesy3_rhumb_bases_py":{"hash":"8419e2cfdda2105cffdbec614befbbb0","index":{"nums":[0,1,373,97,23,0,0,0],"html_filename":"pygeodesy3_rhumb_bases_py.html","relative_filename":"pygeodesy3/rhumb/bases.py"}},"pygeodesy3_rhumb_ekx_py":{"hash":"e91df9686f17e9cdf593dbcb6d5a2e97","index":{"nums":[0,1,232,10,9,0,0,0],"html_filename":"pygeodesy3_rhumb_ekx_py.html","relative_filename":"pygeodesy3/rhumb/ekx.py"}},"pygeodesy3_rhumb_solve_py":{"hash":"bd71f06b6fa2070c99b49e63771f5b63","index":{"nums":[0,1,97,60,11,0,0,0],"html_filename":"pygeodesy3_rhumb_solve_py.html","relative_filename":"pygeodesy3/rhumb/solve.py"}},"pygeodesy3_spherical___init___py":{"hash":"fa60d601186d37856d9a20e7ca29ac10","index":{"nums":[0,1,6,0,1,0,0,0],"html_filename":"pygeodesy3_spherical___init___py.html","relative_filename":"pygeodesy3/spherical/__init__.py"}},"pygeodesy3_spherical_base_py":{"hash":"d0a4abc16ee2abb2ef596770415d4daf","index":{"nums":[0,1,248,11,14,0,0,0],"html_filename":"pygeodesy3_spherical_base_py.html","relative_filename":"pygeodesy3/spherical/base.py"}},"pygeodesy3_spherical_nvector_py":{"hash":"f146e27ca221c49a7a27d99dc85f0341","index":{"nums":[0,1,316,6,27,0,0,0],"html_filename":"pygeodesy3_spherical_nvector_py.html","relative_filename":"pygeodesy3/spherical/nvector.py"}},"pygeodesy3_spherical_trigonometry_py":{"hash":"e2cd8f780c5e3e1a2dcefb2ee9acb0b8","index":{"nums":[0,1,387,32,26,0,0,0],"html_filename":"pygeodesy3_spherical_trigonometry_py.html","relative_filename":"pygeodesy3/spherical/trigonometry.py"}}}}