{"format":2,"version":"7.2.2","globals":"054126569f1b5c004caaac8bf12f9735","files":{"pygeodesy3_Base___init___py":{"hash":"14d263dd32f9bdd8759e0d5495abab5b","index":{"nums":[0,1,5,9,1,0,0,0],"html_filename":"pygeodesy3_Base___init___py.html","relative_filename":"pygeodesy3/Base/__init__.py"}},"pygeodesy3_Base_cartesian_py":{"hash":"2f12fd8da5b796dcba2bd4ada81cce46","index":{"nums":[0,1,316,13,31,0,0,0],"html_filename":"pygeodesy3_Base_cartesian_py.html","relative_filename":"pygeodesy3/Base/cartesian.py"}},"pygeodesy3_Base_karney_py":{"hash":"2d7192a24adc5d3fb074e76dde94a830","index":{"nums":[0,1,277,57,15,0,0,0],"html_filename":"pygeodesy3_Base_karney_py.html","relative_filename":"pygeodesy3/Base/karney.py"}},"pygeodesy3_Base_latlon_py":{"hash":"dc4438e6b569ff9593736fa8828f1b60","index":{"nums":[0,1,467,36,30,0,0,0],"html_filename":"pygeodesy3_Base_latlon_py.html","relative_filename":"pygeodesy3/Base/latlon.py"}},"pygeodesy3_Base_nvector_py":{"hash":"c96331f7683b4ac1b31e2754cd8d8171","index":{"nums":[0,1,245,8,11,0,0,0],"html_filename":"pygeodesy3_Base_nvector_py.html","relative_filename":"pygeodesy3/Base/nvector.py"}},"pygeodesy3_Base_solve_py":{"hash":"d451392745121256a91bb720c38996f9","index":{"nums":[0,1,215,31,12,0,0,0],"html_filename":"pygeodesy3_Base_solve_py.html","relative_filename":"pygeodesy3/Base/solve.py"}},"pygeodesy3_Base_units_py":{"hash":"5fd04d6c79e7b0919aa998cb6c3c9359","index":{"nums":[0,1,101,6,1,0,0,0],"html_filename":"pygeodesy3_Base_units_py.html","relative_filename":"pygeodesy3/Base/units.py"}},"pygeodesy3_Base_utmups_py":{"hash":"0c403a38b9fd3fa5bcdc7694b47275de","index":{"nums":[0,1,231,21,5,0,0,0],"html_filename":"pygeodesy3_Base_utmups_py.html","relative_filename":"pygeodesy3/Base/utmups.py"}},"pygeodesy3_Base_vector3d_py":{"hash":"17252f424126be440ad2ee8c3cb591ab","index":{"nums":[0,1,271,84,20,0,0,0],"html_filename":"pygeodesy3_Base_vector3d_py.html","relative_filename":"pygeodesy3/Base/vector3d.py"}},"pygeodesy3___init___py":{"hash":"feb0ece801134d60843441a3519f9c1a","index":{"nums":[0,1,20,29,1,0,0,0],"html_filename":"pygeodesy3___init___py.html","relative_filename":"pygeodesy3/__init__.py"}},"pygeodesy3_basics_py":{"hash":"018836aa2c6a55a68295345f92ac944f","index":{"nums":[0,1,252,101,13,0,0,0],"html_filename":"pygeodesy3_basics_py.html","relative_filename":"pygeodesy3/basics.py"}},"pygeodesy3_constants_py":{"hash":"88c7232c2fdca91b4def9597c6e17549","index":{"nums":[0,1,194,81,4,0,0,0],"html_filename":"pygeodesy3_constants_py.html","relative_filename":"pygeodesy3/constants.py"}},"pygeodesy3_deprecated___init___py":{"hash":"562fa4c9aef870ae2462ed2ac0eaed56","index":{"nums":[0,1,7,0,1,0,0,0],"html_filename":"pygeodesy3_deprecated___init___py.html","relative_filename":"pygeodesy3/deprecated/__init__.py"}},"pygeodesy3_distances___init___py":{"hash":"60293d3c6fdad0d8bf39ae2fa842318b","index":{"nums":[0,1,6,5,1,0,0,0],"html_filename":"pygeodesy3_distances___init___py.html","relative_filename":"pygeodesy3/distances/__init__.py"}},"pygeodesy3_distances_formy_py":{"hash":"6205ee9d81754114838d54214ee30f21","index":{"nums":[0,1,435,19,10,0,0,0],"html_filename":"pygeodesy3_distances_formy_py.html","relative_filename":"pygeodesy3/distances/formy.py"}},"pygeodesy3_distances_frechet_py":{"hash":"967c088a45bbabbb92c790d3ab93b09d","index":{"nums":[0,1,208,82,8,0,0,0],"html_filename":"pygeodesy3_distances_frechet_py.html","relative_filename":"pygeodesy3/distances/frechet.py"}},"pygeodesy3_distances_hausdorff_py":{"hash":"f39a859712a91ffa76a1c0eb86410ce3","index":{"nums":[0,1,236,68,10,0,0,0],"html_filename":"pygeodesy3_distances_hausdorff_py.html","relative_filename":"pygeodesy3/distances/hausdorff.py"}},"pygeodesy3_distances_resections_py":{"hash":"a23bb4c809a8f58eb02e05ac6b166cee","index":{"nums":[0,1,372,67,11,0,0,0],"html_filename":"pygeodesy3_distances_resections_py.html","relative_filename":"pygeodesy3/distances/resections.py"}},"pygeodesy3_earth___init___py":{"hash":"c09ded5a0140fc979677bca9ca58eb09","index":{"nums":[0,1,6,6,1,0,0,0],"html_filename":"pygeodesy3_earth___init___py.html","relative_filename":"pygeodesy3/earth/__init__.py"}},"pygeodesy3_earth_datums_py":{"hash":"3d8efc9df57d60faf7187cc6c95c9d02","index":{"nums":[0,1,246,11,14,0,0,0],"html_filename":"pygeodesy3_earth_datums_py.html","relative_filename":"pygeodesy3/earth/datums.py"}},"pygeodesy3_earth_ecef_py":{"hash":"a19e55f482b2261ce057eb440c08222a","index":{"nums":[0,1,451,45,21,0,0,0],"html_filename":"pygeodesy3_earth_ecef_py.html","relative_filename":"pygeodesy3/earth/ecef.py"}},"pygeodesy3_earth_ellipsoids_py":{"hash":"826caabf0bcf94b8473c47d69e7e101d","index":{"nums":[0,1,740,56,29,0,0,0],"html_filename":"pygeodesy3_earth_ellipsoids_py.html","relative_filename":"pygeodesy3/earth/ellipsoids.py"}},"pygeodesy3_earth_trf_py":{"hash":"4c128e1008f313d19ecd6e50e49a8da2","index":{"nums":[0,1,603,56,32,0,0,0],"html_filename":"pygeodesy3_earth_trf_py.html","relative_filename":"pygeodesy3/earth/trf.py"}},"pygeodesy3_earth_triaxials_py":{"hash":"d89492d0d5f2d55061424e882eacc587","index":{"nums":[0,1,588,46,23,0,0,0],"html_filename":"pygeodesy3_earth_triaxials_py.html","relative_filename":"pygeodesy3/earth/triaxials.py"}},"pygeodesy3_elevations___init___py":{"hash":"5fe998ed07350e784277c6e74aee8e80","index":{"nums":[0,1,6,4,1,0,0,0],"html_filename":"pygeodesy3_elevations___init___py.html","relative_filename":"pygeodesy3/elevations/__init__.py"}},"pygeodesy3_elevations_geoids_py":{"hash":"71219168075bb824165e7e35e1e91753","index":{"nums":[0,1,672,108,33,0,0,0],"html_filename":"pygeodesy3_elevations_geoids_py.html","relative_filename":"pygeodesy3/elevations/geoids.py"}},"pygeodesy3_elevations_heights_py":{"hash":"da4ef7af972e9a35f8c3fd1599e4d80d","index":{"nums":[0,1,312,98,15,0,0,0],"html_filename":"pygeodesy3_elevations_heights_py.html","relative_filename":"pygeodesy3/elevations/heights.py"}},"pygeodesy3_elevations_webs_py":{"hash":"87a29df430c45fb3337a442dea40b919","index":{"nums":[0,1,69,36,14,0,0,0],"html_filename":"pygeodesy3_elevations_webs_py.html","relative_filename":"pygeodesy3/elevations/webs.py"}},"pygeodesy3_ellipsoidal_Base_py":{"hash":"74e0f171b1eaffa40cbc1fba3d748712","index":{"nums":[0,1,287,36,26,0,0,0],"html_filename":"pygeodesy3_ellipsoidal_Base_py.html","relative_filename":"pygeodesy3/ellipsoidal/Base.py"}},"pygeodesy3_ellipsoidal_BaseDI_py":{"hash":"c8c07ca5f75a9c56491d8fddec7ca203","index":{"nums":[0,1,330,28,31,0,0,0],"html_filename":"pygeodesy3_ellipsoidal_BaseDI_py.html","relative_filename":"pygeodesy3/ellipsoidal/BaseDI.py"}},"pygeodesy3_ellipsoidal___init___py":{"hash":"20a1d8c55d5c4d2443e874a6cf89d0e0","index":{"nums":[0,1,5,2,1,0,0,0],"html_filename":"pygeodesy3_ellipsoidal___init___py.html","relative_filename":"pygeodesy3/ellipsoidal/__init__.py"}},"pygeodesy3_ellipsoidal_exact_py":{"hash":"71046c5962b01daa5a3db803e64520ed","index":{"nums":[0,1,40,1,0,0,0,0],"html_filename":"pygeodesy3_ellipsoidal_exact_py.html","relative_filename":"pygeodesy3/ellipsoidal/exact.py"}},"pygeodesy3_ellipsoidal_karney_py":{"hash":"35cf72149eb3e681e54802b85428bcba","index":{"nums":[0,1,40,1,0,0,0,0],"html_filename":"pygeodesy3_ellipsoidal_karney_py.html","relative_filename":"pygeodesy3/ellipsoidal/karney.py"}},"pygeodesy3_ellipsoidal_nvector_py":{"hash":"a7e470d2a45f7ee68667aa3eb48a0725","index":{"nums":[0,1,127,1,5,0,0,0],"html_filename":"pygeodesy3_ellipsoidal_nvector_py.html","relative_filename":"pygeodesy3/ellipsoidal/nvector.py"}},"pygeodesy3_ellipsoidal_solve_py":{"hash":"9d34b8efc78a6fa7bbec2cb0cca68fc3","index":{"nums":[0,1,40,1,0,0,0,0],"html_filename":"pygeodesy3_ellipsoidal_solve_py.html","relative_filename":"pygeodesy3/ellipsoidal/solve.py"}},"pygeodesy3_ellipsoidal_vincenty_py":{"hash":"3f9a6f81cccfcbf4699b4a16308243fa","index":{"nums":[0,1,175,8,2,0,0,0],"html_filename":"pygeodesy3_ellipsoidal_vincenty_py.html","relative_filename":"pygeodesy3/ellipsoidal/vincenty.py"}},"pygeodesy3_geodesic___init___py":{"hash":"6baa0a257a0e1fd0b71b8b82521bc0e8","index":{"nums":[0,1,6,4,1,0,0,0],"html_filename":"pygeodesy3_geodesic___init___py.html","relative_filename":"pygeodesy3/geodesic/__init__.py"}},"pygeodesy3_geodesic_exact__C4_24_py":{"hash":"5c39b6b8bbc7e7197f7a82df9e855475","index":{"nums":[0,1,7,2,0,0,0,0],"html_filename":"pygeodesy3_geodesic_exact__C4_24_py.html","relative_filename":"pygeodesy3/geodesic/exact/_C4_24.py"}},"pygeodesy3_geodesic_exact__C4_27_py":{"hash":"2e265d6d118109f4c387c2e82fbdee96","index":{"nums":[0,1,7,2,0,0,0,0],"html_filename":"pygeodesy3_geodesic_exact__C4_27_py.html","relative_filename":"pygeodesy3/geodesic/exact/_C4_27.py"}},"pygeodesy3_geodesic_exact__C4_30_py":{"hash":"dda4b4125f4ad01a0d8e32b302b32c04","index":{"nums":[0,1,7,2,0,0,0,0],"html_filename":"pygeodesy3_geodesic_exact__C4_30_py.html","relative_filename":"pygeodesy3/geodesic/exact/_C4_30.py"}},"pygeodesy3_geodesic_exact___init___py":{"hash":"da265a3f51f1129e5033aed866dbdf56","index":{"nums":[0,1,7,0,0,0,0,0],"html_filename":"pygeodesy3_geodesic_exact___init___py.html","relative_filename":"pygeodesy3/geodesic/exact/__init__.py"}},"pygeodesy3_geodesic_exact_gx_py":{"hash":"4c9226733c9f14b3df161f317efe7f7d","index":{"nums":[0,1,513,30,33,0,0,0],"html_filename":"pygeodesy3_geodesic_exact_gx_py.html","relative_filename":"pygeodesy3/geodesic/exact/gx.py"}},"pygeodesy3_geodesic_exact_gxBases_py":{"hash":"77acf462bf075045c39ef5a71c3d265e","index":{"nums":[0,1,55,1,4,0,0,0],"html_filename":"pygeodesy3_geodesic_exact_gxBases_py.html","relative_filename":"pygeodesy3/geodesic/exact/gxBases.py"}},"pygeodesy3_geodesic_exact_gxarea_py":{"hash":"2493d5eac49b43c60a07e86cdd69a82f","index":{"nums":[0,1,214,29,10,0,0,0],"html_filename":"pygeodesy3_geodesic_exact_gxarea_py.html","relative_filename":"pygeodesy3/geodesic/exact/gxarea.py"}},"pygeodesy3_geodesic_exact_gxline_py":{"hash":"aa0f919a5c5ef08b6f88abade4d91abb","index":{"nums":[0,1,240,28,7,0,0,0],"html_filename":"pygeodesy3_geodesic_exact_gxline_py.html","relative_filename":"pygeodesy3/geodesic/exact/gxline.py"}},"pygeodesy3_geodesic_solve_py":{"hash":"5ae1e621336e24b92656229a3fe548d3","index":{"nums":[0,1,80,45,5,0,0,0],"html_filename":"pygeodesy3_geodesic_solve_py.html","relative_filename":"pygeodesy3/geodesic/solve.py"}},"pygeodesy3_geodesic_wrap_py":{"hash":"fed0971b9dad326e8963c22ab1941fd4","index":{"nums":[0,1,210,15,22,0,0,0],"html_filename":"pygeodesy3_geodesic_wrap_py.html","relative_filename":"pygeodesy3/geodesic/wrap.py"}},"pygeodesy3_grids___init___py":{"hash":"a56f65d67bebfe8346e9b69a0f032844","index":{"nums":[0,1,6,7,1,0,0,0],"html_filename":"pygeodesy3_grids___init___py.html","relative_filename":"pygeodesy3/grids/__init__.py"}},"pygeodesy3_grids_epsg_py":{"hash":"fda6afeb62973e17b3f823ff8911ac53","index":{"nums":[0,1,101,7,2,0,0,0],"html_filename":"pygeodesy3_grids_epsg_py.html","relative_filename":"pygeodesy3/grids/epsg.py"}},"pygeodesy3_grids_gars_py":{"hash":"9f2b6528698016e77106a549b7bbebd2","index":{"nums":[0,1,141,10,3,0,0,0],"html_filename":"pygeodesy3_grids_gars_py.html","relative_filename":"pygeodesy3/grids/gars.py"}},"pygeodesy3_grids_geohash_py":{"hash":"99c95bdb14283df463922f56d57da477","index":{"nums":[0,1,279,11,5,0,0,0],"html_filename":"pygeodesy3_grids_geohash_py.html","relative_filename":"pygeodesy3/grids/geohash.py"}},"pygeodesy3_grids_mgrs_py":{"hash":"8f4baa35eb176296092cae13c878a18d","index":{"nums":[0,1,254,52,2,0,0,0],"html_filename":"pygeodesy3_grids_mgrs_py.html","relative_filename":"pygeodesy3/grids/mgrs.py"}},"pygeodesy3_grids_osgr_py":{"hash":"f15ebd4f6b8f452b2bf6ae1a4956895f","index":{"nums":[0,1,303,65,9,0,0,0],"html_filename":"pygeodesy3_grids_osgr_py.html","relative_filename":"pygeodesy3/grids/osgr.py"}},"pygeodesy3_grids_wgrs_py":{"hash":"62fb0e2caf47713d5af12b5cdc181ba1","index":{"nums":[0,1,188,7,4,0,0,0],"html_filename":"pygeodesy3_grids_wgrs_py.html","relative_filename":"pygeodesy3/grids/wgrs.py"}},"pygeodesy3_interns_py":{"hash":"7046fd3b768a6f5087028dc535cba527","index":{"nums":[0,1,451,27,12,0,0,0],"html_filename":"pygeodesy3_interns_py.html","relative_filename":"pygeodesy3/interns.py"}},"pygeodesy3_lazily_py":{"hash":"3055b4312cd482ae8508853972fb956b","index":{"nums":[0,1,253,94,16,0,0,0],"html_filename":"pygeodesy3_lazily_py.html","relative_filename":"pygeodesy3/lazily.py"}},"pygeodesy3_maths___init___py":{"hash":"ecbcdd56235475c3d2e655991610515f","index":{"nums":[0,1,6,9,1,0,0,0],"html_filename":"pygeodesy3_maths___init___py.html","relative_filename":"pygeodesy3/maths/__init__.py"}},"pygeodesy3_maths_auxilats__CX_4_py":{"hash":"3aa558ee944e4eddd14a0e9872ebd2cd","index":{"nums":[0,1,9,0,0,0,0,0],"html_filename":"pygeodesy3_maths_auxilats__CX_4_py.html","relative_filename":"pygeodesy3/maths/auxilats/_CX_4.py"}},"pygeodesy3_maths_auxilats__CX_6_py":{"hash":"6a4ded933e8cca08ff78b35dc89c66f6","index":{"nums":[0,1,9,0,0,0,0,0],"html_filename":"pygeodesy3_maths_auxilats__CX_6_py.html","relative_filename":"pygeodesy3/maths/auxilats/_CX_6.py"}},"pygeodesy3_maths_auxilats__CX_8_py":{"hash":"789070c140def4fdc4d81106e43ef7b1","index":{"nums":[0,1,9,0,0,0,0,0],"html_filename":"pygeodesy3_maths_auxilats__CX_8_py.html","relative_filename":"pygeodesy3/maths/auxilats/_CX_8.py"}},"pygeodesy3_maths_auxilats___init___py":{"hash":"ff621043023b7a994a425204264f6100","index":{"nums":[0,1,9,0,0,0,0,0],"html_filename":"pygeodesy3_maths_auxilats___init___py.html","relative_filename":"pygeodesy3/maths/auxilats/__init__.py"}},"pygeodesy3_maths_auxilats_auxAngle_py":{"hash":"fe1f3a04b5947b735e85fe28c763bc87","index":{"nums":[0,1,225,31,10,0,0,0],"html_filename":"pygeodesy3_maths_auxilats_auxAngle_py.html","relative_filename":"pygeodesy3/maths/auxilats/auxAngle.py"}},"pygeodesy3_maths_auxilats_auxDLat_py":{"hash":"f0397e73124da2a73cd400402b0c0443","index":{"nums":[0,1,149,10,8,0,0,0],"html_filename":"pygeodesy3_maths_auxilats_auxDLat_py.html","relative_filename":"pygeodesy3/maths/auxilats/auxDLat.py"}},"pygeodesy3_maths_auxilats_auxDST_py":{"hash":"ec91bfdcb298d316c3d039373ce20305","index":{"nums":[0,1,100,16,3,0,0,0],"html_filename":"pygeodesy3_maths_auxilats_auxDST_py.html","relative_filename":"pygeodesy3/maths/auxilats/auxDST.py"}},"pygeodesy3_maths_auxilats_auxLat_py":{"hash":"7bcc17d46e35dda720b3806f445d18a1","index":{"nums":[0,1,433,39,30,0,0,0],"html_filename":"pygeodesy3_maths_auxilats_auxLat_py.html","relative_filename":"pygeodesy3/maths/auxilats/auxLat.py"}},"pygeodesy3_maths_auxilats_auxily_py":{"hash":"b9f9f21014c9b9c68b5e55455cc25ede","index":{"nums":[0,1,116,29,8,0,0,0],"html_filename":"pygeodesy3_maths_auxilats_auxily_py.html","relative_filename":"pygeodesy3/maths/auxilats/auxily.py"}},"pygeodesy3_maths_elliptic_py":{"hash":"2545a7d2adf784b07ce91e2e2094bd7f","index":{"nums":[0,1,480,52,19,0,0,0],"html_filename":"pygeodesy3_maths_elliptic_py.html","relative_filename":"pygeodesy3/maths/elliptic.py"}},"pygeodesy3_maths_fmath_py":{"hash":"fc7308ccff5803567c9855de7c304aff","index":{"nums":[0,1,276,73,12,0,0,0],"html_filename":"pygeodesy3_maths_fmath_py.html","relative_filename":"pygeodesy3/maths/fmath.py"}},"pygeodesy3_maths_fstats_py":{"hash":"98b378c4143090cc1d16c71b58cf725c","index":{"nums":[0,1,307,24,4,0,0,0],"html_filename":"pygeodesy3_maths_fstats_py.html","relative_filename":"pygeodesy3/maths/fstats.py"}},"pygeodesy3_maths_fsums_py":{"hash":"8f7dba67cb5ead8675008ec74e94528a","index":{"nums":[0,1,703,112,17,0,0,0],"html_filename":"pygeodesy3_maths_fsums_py.html","relative_filename":"pygeodesy3/maths/fsums.py"}},"pygeodesy3_maths_umath_py":{"hash":"80c5d4b107809ef1b405d1c914884d3c","index":{"nums":[0,1,336,14,31,0,0,0],"html_filename":"pygeodesy3_maths_umath_py.html","relative_filename":"pygeodesy3/maths/umath.py"}},"pygeodesy3_maths_vector2d_py":{"hash":"51da0069757d9e8725562c4988717459","index":{"nums":[0,1,319,24,7,0,0,0],"html_filename":"pygeodesy3_maths_vector2d_py.html","relative_filename":"pygeodesy3/maths/vector2d.py"}},"pygeodesy3_maths_vector3d_py":{"hash":"1ee0a613404eb1f0ece35a4270e98331","index":{"nums":[0,1,242,44,10,0,0,0],"html_filename":"pygeodesy3_maths_vector3d_py.html","relative_filename":"pygeodesy3/maths/vector3d.py"}},"pygeodesy3_miscs___init___py":{"hash":"6a0f8ae47413804f10ef8b7041098eea","index":{"nums":[0,1,6,9,1,0,0,0],"html_filename":"pygeodesy3_miscs___init___py.html","relative_filename":"pygeodesy3/miscs/__init__.py"}},"pygeodesy3_miscs_dms_py":{"hash":"52b87b96740e15c533b5ccce647b55a8","index":{"nums":[0,1,283,33,13,0,0,0],"html_filename":"pygeodesy3_miscs_dms_py.html","relative_filename":"pygeodesy3/miscs/dms.py"}},"pygeodesy3_miscs_errors_py":{"hash":"0a10986ca349fc07943c5744215b0453","index":{"nums":[0,1,264,40,13,0,0,0],"html_filename":"pygeodesy3_miscs_errors_py.html","relative_filename":"pygeodesy3/miscs/errors.py"}},"pygeodesy3_miscs_iters_py":{"hash":"ec3d2af8985795d381eaa1b3a899371b","index":{"nums":[0,1,203,25,7,0,0,0],"html_filename":"pygeodesy3_miscs_iters_py.html","relative_filename":"pygeodesy3/miscs/iters.py"}},"pygeodesy3_miscs_named_py":{"hash":"231e4f50c5a5eb92bc58de8596d24dfc","index":{"nums":[0,1,453,106,16,0,0,0],"html_filename":"pygeodesy3_miscs_named_py.html","relative_filename":"pygeodesy3/miscs/named.py"}},"pygeodesy3_miscs_namedTuples_py":{"hash":"0fdaa8825e0468bcafc9999e1549ad51","index":{"nums":[0,1,198,1,5,0,0,0],"html_filename":"pygeodesy3_miscs_namedTuples_py.html","relative_filename":"pygeodesy3/miscs/namedTuples.py"}},"pygeodesy3_miscs_props_py":{"hash":"cf4f3484970c172874a93e9d76429811","index":{"nums":[0,1,204,55,14,0,0,0],"html_filename":"pygeodesy3_miscs_props_py.html","relative_filename":"pygeodesy3/miscs/props.py"}},"pygeodesy3_miscs_streprs_py":{"hash":"bf8d03b86dc2d2b5a2d716dc27259fb7","index":{"nums":[0,1,272,19,12,0,0,0],"html_filename":"pygeodesy3_miscs_streprs_py.html","relative_filename":"pygeodesy3/miscs/streprs.py"}},"pygeodesy3_miscs_units_py":{"hash":"0f0245fe3b4061eaa9f597f1869b1ca1","index":{"nums":[0,1,333,18,19,0,0,0],"html_filename":"pygeodesy3_miscs_units_py.html","relative_filename":"pygeodesy3/miscs/units.py"}},"pygeodesy3_polygonal___init___py":{"hash":"3bb97b1feb21d4719ad6f8b34fbf259c","index":{"nums":[0,1,6,5,1,0,0,0],"html_filename":"pygeodesy3_polygonal___init___py.html","relative_filename":"pygeodesy3/polygonal/__init__.py"}},"pygeodesy3_polygonal_booleans_py":{"hash":"ab547e269acadadbf4781f406e3e8636","index":{"nums":[0,1,982,117,60,0,0,0],"html_filename":"pygeodesy3_polygonal_booleans_py.html","relative_filename":"pygeodesy3/polygonal/booleans.py"}},"pygeodesy3_polygonal_clipy_py":{"hash":"6b6b9216778ed0a81a69559d03b10643","index":{"nums":[0,1,318,18,14,0,0,0],"html_filename":"pygeodesy3_polygonal_clipy_py.html","relative_filename":"pygeodesy3/polygonal/clipy.py"}},"pygeodesy3_polygonal_points_py":{"hash":"256aa2d2928c8d3178dbf18dff88269a","index":{"nums":[0,1,533,80,37,0,0,0],"html_filename":"pygeodesy3_polygonal_points_py.html","relative_filename":"pygeodesy3/polygonal/points.py"}},"pygeodesy3_polygonal_simplify_py":{"hash":"a98fdea5405d1017f168dce3b434951f","index":{"nums":[0,1,227,4,2,0,0,0],"html_filename":"pygeodesy3_polygonal_simplify_py.html","relative_filename":"pygeodesy3/polygonal/simplify.py"}},"pygeodesy3_projections___init___py":{"hash":"4d6d1ccff2c0b769f1eb666f8aa7135e","index":{"nums":[0,1,6,13,1,0,0,0],"html_filename":"pygeodesy3_projections___init___py.html","relative_filename":"pygeodesy3/projections/__init__.py"}},"pygeodesy3_projections_albers_py":{"hash":"74604c8e73c3633c215e510710c2395f","index":{"nums":[0,1,423,21,13,0,0,0],"html_filename":"pygeodesy3_projections_albers_py.html","relative_filename":"pygeodesy3/projections/albers.py"}},"pygeodesy3_projections_azimuthal_py":{"hash":"8b658763e151dd2535c9123061196d8b","index":{"nums":[0,1,315,55,3,0,0,0],"html_filename":"pygeodesy3_projections_azimuthal_py.html","relative_filename":"pygeodesy3/projections/azimuthal.py"}},"pygeodesy3_projections_css_py":{"hash":"31fed6b4fc6674c2dee1a2ddf8fd9205","index":{"nums":[0,1,234,8,6,0,0,0],"html_filename":"pygeodesy3_projections_css_py.html","relative_filename":"pygeodesy3/projections/css.py"}},"pygeodesy3_projections_etm_py":{"hash":"18731f7af5ff497ab7e8c772d4f44389","index":{"nums":[0,1,412,77,33,0,0,0],"html_filename":"pygeodesy3_projections_etm_py.html","relative_filename":"pygeodesy3/projections/etm.py"}},"pygeodesy3_projections_ktm_py":{"hash":"7fe32543b0c84493bf5bfec4f3111025","index":{"nums":[0,1,230,40,8,0,0,0],"html_filename":"pygeodesy3_projections_ktm_py.html","relative_filename":"pygeodesy3/projections/ktm.py"}},"pygeodesy3_projections_lcc_py":{"hash":"30f3cb63402288f774eee39d415707a5","index":{"nums":[0,1,277,6,10,0,0,0],"html_filename":"pygeodesy3_projections_lcc_py.html","relative_filename":"pygeodesy3/projections/lcc.py"}},"pygeodesy3_projections_ltp_py":{"hash":"bd43f1302ef53e3167e14862c1c75047","index":{"nums":[0,1,412,42,16,0,0,0],"html_filename":"pygeodesy3_projections_ltp_py.html","relative_filename":"pygeodesy3/projections/ltp.py"}},"pygeodesy3_projections_ltpTuples_py":{"hash":"c17615d78e00c131f0f90ed2fbe9dbe9","index":{"nums":[0,1,563,37,32,0,0,0],"html_filename":"pygeodesy3_projections_ltpTuples_py.html","relative_filename":"pygeodesy3/projections/ltpTuples.py"}},"pygeodesy3_projections_ups_py":{"hash":"26b54898283f5fab50032b23fa642325","index":{"nums":[0,1,165,6,5,0,0,0],"html_filename":"pygeodesy3_projections_ups_py.html","relative_filename":"pygeodesy3/projections/ups.py"}},"pygeodesy3_projections_utm_py":{"hash":"782bbf5f8fb4e65a6ea43b90850e3ccb","index":{"nums":[0,1,264,17,8,0,0,0],"html_filename":"pygeodesy3_projections_utm_py.html","relative_filename":"pygeodesy3/projections/utm.py"}},"pygeodesy3_projections_utmups_py":{"hash":"df946598d9c9f869c135dbdfce7057f1","index":{"nums":[0,1,87,13,3,0,0,0],"html_filename":"pygeodesy3_projections_utmups_py.html","relative_filename":"pygeodesy3/projections/utmups.py"}},"pygeodesy3_projections_webmercator_py":{"hash":"c1624138e0e08ee9e2598ddf28e86a76","index":{"nums":[0,1,127,7,1,0,0,0],"html_filename":"pygeodesy3_projections_webmercator_py.html","relative_filename":"pygeodesy3/projections/webmercator.py"}},"pygeodesy3_rhumb_Bases_py":{"hash":"75c96338822069d714002ec262a4c2e8","index":{"nums":[0,1,374,97,23,0,0,0],"html_filename":"pygeodesy3_rhumb_Bases_py.html","relative_filename":"pygeodesy3/rhumb/Bases.py"}},"pygeodesy3_rhumb___init___py":{"hash":"a15ecce2ad505118232e83fbe74840c0","index":{"nums":[0,1,6,4,1,0,0,0],"html_filename":"pygeodesy3_rhumb___init___py.html","relative_filename":"pygeodesy3/rhumb/__init__.py"}},"pygeodesy3_rhumb_aux__py":{"hash":"a56f1b4a7611ae720808e8cab2921686","index":{"nums":[0,1,145,2,7,0,0,0],"html_filename":"pygeodesy3_rhumb_aux__py.html","relative_filename":"pygeodesy3/rhumb/aux_.py"}},"pygeodesy3_rhumb_ekx_py":{"hash":"84ea0b108f4d65132a4bc489b44d3ba3","index":{"nums":[0,1,231,10,9,0,0,0],"html_filename":"pygeodesy3_rhumb_ekx_py.html","relative_filename":"pygeodesy3/rhumb/ekx.py"}},"pygeodesy3_rhumb_solve_py":{"hash":"7373dcf6cb8929966639346ccb5b4b4b","index":{"nums":[0,1,98,60,11,0,0,0],"html_filename":"pygeodesy3_rhumb_solve_py.html","relative_filename":"pygeodesy3/rhumb/solve.py"}},"pygeodesy3_spherical_Base_py":{"hash":"18f8e9592520bf2b5bbf8839d1fbe57e","index":{"nums":[0,1,248,11,14,0,0,0],"html_filename":"pygeodesy3_spherical_Base_py.html","relative_filename":"pygeodesy3/spherical/Base.py"}},"pygeodesy3_spherical___init___py":{"hash":"1e281e80a986bea556dfe5911001d68f","index":{"nums":[0,1,6,0,1,0,0,0],"html_filename":"pygeodesy3_spherical___init___py.html","relative_filename":"pygeodesy3/spherical/__init__.py"}},"pygeodesy3_spherical_nvector_py":{"hash":"af50ecbfd01f4c9b5430b145440abf12","index":{"nums":[0,1,316,6,27,0,0,0],"html_filename":"pygeodesy3_spherical_nvector_py.html","relative_filename":"pygeodesy3/spherical/nvector.py"}},"pygeodesy3_spherical_trigonometry_py":{"hash":"b7fd0cb6320a7f740ef624086a2f2102","index":{"nums":[0,1,386,32,26,0,0,0],"html_filename":"pygeodesy3_spherical_trigonometry_py.html","relative_filename":"pygeodesy3/spherical/trigonometry.py"}}}}