{"format":2,"version":"7.2.2","globals":"b69f9a21796615386f0446440aa4f06f","files":{"pygeodesy3_Base___init___py":{"hash":"77a1da46bdecf7f4bfed8a3a1d2ace60","index":{"nums":[0,1,5,9,1,0,0,0],"html_filename":"pygeodesy3_Base___init___py.html","relative_filename":"pygeodesy3/Base/__init__.py"}},"pygeodesy3_Base_cartesian_py":{"hash":"7710f58b46107399258305724a2642b4","index":{"nums":[0,1,215,10,13,0,0,0],"html_filename":"pygeodesy3_Base_cartesian_py.html","relative_filename":"pygeodesy3/Base/cartesian.py"}},"pygeodesy3_Base_karney_py":{"hash":"ff59decf687989340aa5567543f9ee0e","index":{"nums":[0,1,278,57,15,0,0,0],"html_filename":"pygeodesy3_Base_karney_py.html","relative_filename":"pygeodesy3/Base/karney.py"}},"pygeodesy3_Base_latlon_py":{"hash":"180028fd0c1676ba17f60e6cfdeea1e3","index":{"nums":[0,1,466,35,30,0,0,0],"html_filename":"pygeodesy3_Base_latlon_py.html","relative_filename":"pygeodesy3/Base/latlon.py"}},"pygeodesy3_Base_nvector_py":{"hash":"b26a230084f7fdfa8dd4e9a0ef7b9e12","index":{"nums":[0,1,246,8,11,0,0,0],"html_filename":"pygeodesy3_Base_nvector_py.html","relative_filename":"pygeodesy3/Base/nvector.py"}},"pygeodesy3_Base_solve_py":{"hash":"66e4bf21c1bc701db56e3d7eb9f2b01f","index":{"nums":[0,1,214,31,12,0,0,0],"html_filename":"pygeodesy3_Base_solve_py.html","relative_filename":"pygeodesy3/Base/solve.py"}},"pygeodesy3_Base_units_py":{"hash":"e6694729a4dd394be2765a1604013715","index":{"nums":[0,1,101,6,1,0,0,0],"html_filename":"pygeodesy3_Base_units_py.html","relative_filename":"pygeodesy3/Base/units.py"}},"pygeodesy3_Base_utmups_py":{"hash":"32e5e45efe509ae8eb23f3278a87d797","index":{"nums":[0,1,231,21,5,0,0,0],"html_filename":"pygeodesy3_Base_utmups_py.html","relative_filename":"pygeodesy3/Base/utmups.py"}},"pygeodesy3_Base_vector3d_py":{"hash":"7e85aec67aec4921961ffe3aac73d89d","index":{"nums":[0,1,271,84,21,0,0,0],"html_filename":"pygeodesy3_Base_vector3d_py.html","relative_filename":"pygeodesy3/Base/vector3d.py"}},"pygeodesy3___init___py":{"hash":"d6ce8ea0967218b0385502ce2d3416b2","index":{"nums":[0,1,19,28,1,0,0,0],"html_filename":"pygeodesy3___init___py.html","relative_filename":"pygeodesy3/__init__.py"}},"pygeodesy3_basics_py":{"hash":"deceb7ecdf381d63a71dfa5afe8561d8","index":{"nums":[0,1,291,117,17,0,0,0],"html_filename":"pygeodesy3_basics_py.html","relative_filename":"pygeodesy3/basics.py"}},"pygeodesy3_constants_py":{"hash":"d1439da5288531aadf89be37f0943e87","index":{"nums":[0,1,195,82,4,0,0,0],"html_filename":"pygeodesy3_constants_py.html","relative_filename":"pygeodesy3/constants.py"}},"pygeodesy3_deprecated___init___py":{"hash":"562fa4c9aef870ae2462ed2ac0eaed56","index":{"nums":[0,1,7,0,1,0,0,0],"html_filename":"pygeodesy3_deprecated___init___py.html","relative_filename":"pygeodesy3/deprecated/__init__.py"}},"pygeodesy3_distances___init___py":{"hash":"60293d3c6fdad0d8bf39ae2fa842318b","index":{"nums":[0,1,6,5,1,0,0,0],"html_filename":"pygeodesy3_distances___init___py.html","relative_filename":"pygeodesy3/distances/__init__.py"}},"pygeodesy3_distances_formy_py":{"hash":"9cfbb55313644fdec14f4240517a9125","index":{"nums":[0,1,470,19,14,0,0,0],"html_filename":"pygeodesy3_distances_formy_py.html","relative_filename":"pygeodesy3/distances/formy.py"}},"pygeodesy3_distances_frechet_py":{"hash":"4c299a014eb88387e607f2a3e9eb5256","index":{"nums":[0,1,209,82,8,0,0,0],"html_filename":"pygeodesy3_distances_frechet_py.html","relative_filename":"pygeodesy3/distances/frechet.py"}},"pygeodesy3_distances_hausdorff_py":{"hash":"cd91a1131a27a31ffc66946dc8635844","index":{"nums":[0,1,237,68,10,0,0,0],"html_filename":"pygeodesy3_distances_hausdorff_py.html","relative_filename":"pygeodesy3/distances/hausdorff.py"}},"pygeodesy3_distances_resections_py":{"hash":"00c5f20c63f0419947c1415e0ef74377","index":{"nums":[0,1,372,67,11,0,0,0],"html_filename":"pygeodesy3_distances_resections_py.html","relative_filename":"pygeodesy3/distances/resections.py"}},"pygeodesy3_earth___init___py":{"hash":"c09ded5a0140fc979677bca9ca58eb09","index":{"nums":[0,1,6,6,1,0,0,0],"html_filename":"pygeodesy3_earth___init___py.html","relative_filename":"pygeodesy3/earth/__init__.py"}},"pygeodesy3_earth_datums_py":{"hash":"d2a52f3393b0b055ed3a4fa2c0dcabbb","index":{"nums":[0,1,218,17,13,0,0,0],"html_filename":"pygeodesy3_earth_datums_py.html","relative_filename":"pygeodesy3/earth/datums.py"}},"pygeodesy3_earth_ecef_py":{"hash":"df289fbdfa3573f54d7e23149d13ac3e","index":{"nums":[0,1,451,45,21,0,0,0],"html_filename":"pygeodesy3_earth_ecef_py.html","relative_filename":"pygeodesy3/earth/ecef.py"}},"pygeodesy3_earth_ellipsoids_py":{"hash":"6387678275dce877deb277c2b314f719","index":{"nums":[0,1,739,56,29,0,0,0],"html_filename":"pygeodesy3_earth_ellipsoids_py.html","relative_filename":"pygeodesy3/earth/ellipsoids.py"}},"pygeodesy3_earth_trf_py":{"hash":"7ec989b889e7a8166c0931fefca2d1bc","index":{"nums":[0,1,177,27,5,0,0,0],"html_filename":"pygeodesy3_earth_trf_py.html","relative_filename":"pygeodesy3/earth/trf.py"}},"pygeodesy3_earth_triaxials_py":{"hash":"815c8023e669b6bae7c715f62606f170","index":{"nums":[0,1,584,41,25,0,0,0],"html_filename":"pygeodesy3_earth_triaxials_py.html","relative_filename":"pygeodesy3/earth/triaxials.py"}},"pygeodesy3_elevations___init___py":{"hash":"5fe998ed07350e784277c6e74aee8e80","index":{"nums":[0,1,6,4,1,0,0,0],"html_filename":"pygeodesy3_elevations___init___py.html","relative_filename":"pygeodesy3/elevations/__init__.py"}},"pygeodesy3_elevations_geoids_py":{"hash":"71219168075bb824165e7e35e1e91753","index":{"nums":[0,1,672,108,33,0,0,0],"html_filename":"pygeodesy3_elevations_geoids_py.html","relative_filename":"pygeodesy3/elevations/geoids.py"}},"pygeodesy3_elevations_heights_py":{"hash":"6576047fc3b515cb81ac353d2cd73a2f","index":{"nums":[0,1,312,98,15,0,0,0],"html_filename":"pygeodesy3_elevations_heights_py.html","relative_filename":"pygeodesy3/elevations/heights.py"}},"pygeodesy3_elevations_webs_py":{"hash":"d7e27391ac0a7ce676a4973d9bdf2017","index":{"nums":[0,1,69,36,14,0,0,0],"html_filename":"pygeodesy3_elevations_webs_py.html","relative_filename":"pygeodesy3/elevations/webs.py"}},"pygeodesy3_ellipsoidal___init___py":{"hash":"ed4ef230d2a2778fa553ad8fe09f497a","index":{"nums":[0,1,5,2,1,0,0,0],"html_filename":"pygeodesy3_ellipsoidal___init___py.html","relative_filename":"pygeodesy3/ellipsoidal/__init__.py"}},"pygeodesy3_ellipsoidal_base_py":{"hash":"9e6f8699c68a64a6c132cfa8bbc69b51","index":{"nums":[0,1,288,37,18,0,0,0],"html_filename":"pygeodesy3_ellipsoidal_base_py.html","relative_filename":"pygeodesy3/ellipsoidal/base.py"}},"pygeodesy3_ellipsoidal_baseDI_py":{"hash":"44f80a3422efe8e11d9a520b9699ca82","index":{"nums":[0,1,330,28,31,0,0,0],"html_filename":"pygeodesy3_ellipsoidal_baseDI_py.html","relative_filename":"pygeodesy3/ellipsoidal/baseDI.py"}},"pygeodesy3_ellipsoidal_exact_py":{"hash":"98a7c9e7ecf7d1f1931067dca0c4429e","index":{"nums":[0,1,40,1,0,0,0,0],"html_filename":"pygeodesy3_ellipsoidal_exact_py.html","relative_filename":"pygeodesy3/ellipsoidal/exact.py"}},"pygeodesy3_ellipsoidal_karney_py":{"hash":"93ed43dde9d518610c0dc747cc9470fe","index":{"nums":[0,1,40,1,0,0,0,0],"html_filename":"pygeodesy3_ellipsoidal_karney_py.html","relative_filename":"pygeodesy3/ellipsoidal/karney.py"}},"pygeodesy3_ellipsoidal_nvector_py":{"hash":"a8c14b8fca06e539d511e1df48fe05bc","index":{"nums":[0,1,126,1,5,0,0,0],"html_filename":"pygeodesy3_ellipsoidal_nvector_py.html","relative_filename":"pygeodesy3/ellipsoidal/nvector.py"}},"pygeodesy3_ellipsoidal_solve_py":{"hash":"bf495c56bcf05c24dd76e4c5d5a5ce05","index":{"nums":[0,1,40,1,0,0,0,0],"html_filename":"pygeodesy3_ellipsoidal_solve_py.html","relative_filename":"pygeodesy3/ellipsoidal/solve.py"}},"pygeodesy3_ellipsoidal_vincenty_py":{"hash":"098631c0efee4ea1459c050eab87c81e","index":{"nums":[0,1,175,8,2,0,0,0],"html_filename":"pygeodesy3_ellipsoidal_vincenty_py.html","relative_filename":"pygeodesy3/ellipsoidal/vincenty.py"}},"pygeodesy3_geodesic___init___py":{"hash":"6baa0a257a0e1fd0b71b8b82521bc0e8","index":{"nums":[0,1,6,4,1,0,0,0],"html_filename":"pygeodesy3_geodesic___init___py.html","relative_filename":"pygeodesy3/geodesic/__init__.py"}},"pygeodesy3_geodesic_exact__C4_24_py":{"hash":"bb30feca1cb0d324105ef53461cda6bb","index":{"nums":[0,1,7,2,0,0,0,0],"html_filename":"pygeodesy3_geodesic_exact__C4_24_py.html","relative_filename":"pygeodesy3/geodesic/exact/_C4_24.py"}},"pygeodesy3_geodesic_exact__C4_27_py":{"hash":"d5e46eccc98f4d0f4aa2bb7eef5ce65d","index":{"nums":[0,1,7,2,0,0,0,0],"html_filename":"pygeodesy3_geodesic_exact__C4_27_py.html","relative_filename":"pygeodesy3/geodesic/exact/_C4_27.py"}},"pygeodesy3_geodesic_exact__C4_30_py":{"hash":"d1cb0f90f5e1cdcb78b447b4538e1019","index":{"nums":[0,1,7,2,0,0,0,0],"html_filename":"pygeodesy3_geodesic_exact__C4_30_py.html","relative_filename":"pygeodesy3/geodesic/exact/_C4_30.py"}},"pygeodesy3_geodesic_exact___init___py":{"hash":"2fea09a1e2759830f05dd213487e6a78","index":{"nums":[0,1,7,0,0,0,0,0],"html_filename":"pygeodesy3_geodesic_exact___init___py.html","relative_filename":"pygeodesy3/geodesic/exact/__init__.py"}},"pygeodesy3_geodesic_exact_gx_py":{"hash":"367e3fd9d31d6717fbffdce521cfed54","index":{"nums":[0,1,512,30,33,0,0,0],"html_filename":"pygeodesy3_geodesic_exact_gx_py.html","relative_filename":"pygeodesy3/geodesic/exact/gx.py"}},"pygeodesy3_geodesic_exact_gxarea_py":{"hash":"f75b305b888255dce958584a181d0ba0","index":{"nums":[0,1,214,29,10,0,0,0],"html_filename":"pygeodesy3_geodesic_exact_gxarea_py.html","relative_filename":"pygeodesy3/geodesic/exact/gxarea.py"}},"pygeodesy3_geodesic_exact_gxbases_py":{"hash":"79028e97d12eb49359dc33f8bd6c4fb4","index":{"nums":[0,1,53,1,4,0,0,0],"html_filename":"pygeodesy3_geodesic_exact_gxbases_py.html","relative_filename":"pygeodesy3/geodesic/exact/gxbases.py"}},"pygeodesy3_geodesic_exact_gxline_py":{"hash":"c14613087617de1a8bbc24898608f574","index":{"nums":[0,1,238,28,7,0,0,0],"html_filename":"pygeodesy3_geodesic_exact_gxline_py.html","relative_filename":"pygeodesy3/geodesic/exact/gxline.py"}},"pygeodesy3_geodesic_solve_py":{"hash":"50a37b6d277fb5d75f24ee2e7cdf84e2","index":{"nums":[0,1,79,45,5,0,0,0],"html_filename":"pygeodesy3_geodesic_solve_py.html","relative_filename":"pygeodesy3/geodesic/solve.py"}},"pygeodesy3_geodesic_wrap_py":{"hash":"0b0dde78cd78166ff35af830519c6596","index":{"nums":[0,1,209,14,22,0,0,0],"html_filename":"pygeodesy3_geodesic_wrap_py.html","relative_filename":"pygeodesy3/geodesic/wrap.py"}},"pygeodesy3_grids___init___py":{"hash":"a56f65d67bebfe8346e9b69a0f032844","index":{"nums":[0,1,6,7,1,0,0,0],"html_filename":"pygeodesy3_grids___init___py.html","relative_filename":"pygeodesy3/grids/__init__.py"}},"pygeodesy3_grids_epsg_py":{"hash":"6b4029bc2ab8511d4a085602d22648c5","index":{"nums":[0,1,101,7,2,0,0,0],"html_filename":"pygeodesy3_grids_epsg_py.html","relative_filename":"pygeodesy3/grids/epsg.py"}},"pygeodesy3_grids_gars_py":{"hash":"2b846e1d40d6db369c1ee3b2d238180b","index":{"nums":[0,1,141,10,3,0,0,0],"html_filename":"pygeodesy3_grids_gars_py.html","relative_filename":"pygeodesy3/grids/gars.py"}},"pygeodesy3_grids_geohash_py":{"hash":"4f2ebbb362118d241a72e2f3804d5037","index":{"nums":[0,1,273,11,5,0,0,0],"html_filename":"pygeodesy3_grids_geohash_py.html","relative_filename":"pygeodesy3/grids/geohash.py"}},"pygeodesy3_grids_mgrs_py":{"hash":"b35c53f008e48637ee42da641ca28901","index":{"nums":[0,1,254,52,2,0,0,0],"html_filename":"pygeodesy3_grids_mgrs_py.html","relative_filename":"pygeodesy3/grids/mgrs.py"}},"pygeodesy3_grids_osgr_py":{"hash":"4faa924ee584ff12b71ee1f4aff35b34","index":{"nums":[0,1,303,65,9,0,0,0],"html_filename":"pygeodesy3_grids_osgr_py.html","relative_filename":"pygeodesy3/grids/osgr.py"}},"pygeodesy3_grids_wgrs_py":{"hash":"64d1f03c9fa9f7473065374b14a9dee4","index":{"nums":[0,1,188,7,4,0,0,0],"html_filename":"pygeodesy3_grids_wgrs_py.html","relative_filename":"pygeodesy3/grids/wgrs.py"}},"pygeodesy3_interns_py":{"hash":"15d1e972f19d4a8a761454395b685bfe","index":{"nums":[0,1,453,25,13,0,0,0],"html_filename":"pygeodesy3_interns_py.html","relative_filename":"pygeodesy3/interns.py"}},"pygeodesy3_lazily_py":{"hash":"7c1bdad88a473dd59ec80401e41aed71","index":{"nums":[0,1,251,92,16,0,0,0],"html_filename":"pygeodesy3_lazily_py.html","relative_filename":"pygeodesy3/lazily.py"}},"pygeodesy3_maths___init___py":{"hash":"ecbcdd56235475c3d2e655991610515f","index":{"nums":[0,1,6,9,1,0,0,0],"html_filename":"pygeodesy3_maths___init___py.html","relative_filename":"pygeodesy3/maths/__init__.py"}},"pygeodesy3_maths_auxilats__CX_4_py":{"hash":"3aa558ee944e4eddd14a0e9872ebd2cd","index":{"nums":[0,1,9,0,0,0,0,0],"html_filename":"pygeodesy3_maths_auxilats__CX_4_py.html","relative_filename":"pygeodesy3/maths/auxilats/_CX_4.py"}},"pygeodesy3_maths_auxilats__CX_6_py":{"hash":"6a4ded933e8cca08ff78b35dc89c66f6","index":{"nums":[0,1,9,0,0,0,0,0],"html_filename":"pygeodesy3_maths_auxilats__CX_6_py.html","relative_filename":"pygeodesy3/maths/auxilats/_CX_6.py"}},"pygeodesy3_maths_auxilats__CX_8_py":{"hash":"789070c140def4fdc4d81106e43ef7b1","index":{"nums":[0,1,9,0,0,0,0,0],"html_filename":"pygeodesy3_maths_auxilats__CX_8_py.html","relative_filename":"pygeodesy3/maths/auxilats/_CX_8.py"}},"pygeodesy3_maths_auxilats___init___py":{"hash":"ff621043023b7a994a425204264f6100","index":{"nums":[0,1,9,0,0,0,0,0],"html_filename":"pygeodesy3_maths_auxilats___init___py.html","relative_filename":"pygeodesy3/maths/auxilats/__init__.py"}},"pygeodesy3_maths_auxilats_auxAngle_py":{"hash":"9db13054228cbd0fb41390279a23c49f","index":{"nums":[0,1,225,31,10,0,0,0],"html_filename":"pygeodesy3_maths_auxilats_auxAngle_py.html","relative_filename":"pygeodesy3/maths/auxilats/auxAngle.py"}},"pygeodesy3_maths_auxilats_auxDLat_py":{"hash":"f0397e73124da2a73cd400402b0c0443","index":{"nums":[0,1,149,10,8,0,0,0],"html_filename":"pygeodesy3_maths_auxilats_auxDLat_py.html","relative_filename":"pygeodesy3/maths/auxilats/auxDLat.py"}},"pygeodesy3_maths_auxilats_auxDST_py":{"hash":"9e72ee8f9b023ac5848cba613a718136","index":{"nums":[0,1,99,16,3,0,0,0],"html_filename":"pygeodesy3_maths_auxilats_auxDST_py.html","relative_filename":"pygeodesy3/maths/auxilats/auxDST.py"}},"pygeodesy3_maths_auxilats_auxLat_py":{"hash":"2e2bed4c83ded633bf454e3a6dcfa0a4","index":{"nums":[0,1,433,39,30,0,0,0],"html_filename":"pygeodesy3_maths_auxilats_auxLat_py.html","relative_filename":"pygeodesy3/maths/auxilats/auxLat.py"}},"pygeodesy3_maths_auxilats_auxily_py":{"hash":"59b69934121085f9dec8463294803085","index":{"nums":[0,1,116,29,8,0,0,0],"html_filename":"pygeodesy3_maths_auxilats_auxily_py.html","relative_filename":"pygeodesy3/maths/auxilats/auxily.py"}},"pygeodesy3_maths_elliptic_py":{"hash":"9a8761b803374d98b1fb622956cc3e22","index":{"nums":[0,1,479,52,19,0,0,0],"html_filename":"pygeodesy3_maths_elliptic_py.html","relative_filename":"pygeodesy3/maths/elliptic.py"}},"pygeodesy3_maths_fmath_py":{"hash":"d24a4a78cea43ef2730ed933402d1dbf","index":{"nums":[0,1,276,73,12,0,0,0],"html_filename":"pygeodesy3_maths_fmath_py.html","relative_filename":"pygeodesy3/maths/fmath.py"}},"pygeodesy3_maths_fstats_py":{"hash":"98b378c4143090cc1d16c71b58cf725c","index":{"nums":[0,1,307,24,4,0,0,0],"html_filename":"pygeodesy3_maths_fstats_py.html","relative_filename":"pygeodesy3/maths/fstats.py"}},"pygeodesy3_maths_fsums_py":{"hash":"f9f85d597812b9a5399135b2e4f275f9","index":{"nums":[0,1,701,113,18,0,0,0],"html_filename":"pygeodesy3_maths_fsums_py.html","relative_filename":"pygeodesy3/maths/fsums.py"}},"pygeodesy3_maths_umath_py":{"hash":"54ce66c701d435738353918de806f798","index":{"nums":[0,1,336,14,31,0,0,0],"html_filename":"pygeodesy3_maths_umath_py.html","relative_filename":"pygeodesy3/maths/umath.py"}},"pygeodesy3_maths_vector2d_py":{"hash":"495c05bed43e286f41e93f5330539656","index":{"nums":[0,1,319,24,7,0,0,0],"html_filename":"pygeodesy3_maths_vector2d_py.html","relative_filename":"pygeodesy3/maths/vector2d.py"}},"pygeodesy3_maths_vector3d_py":{"hash":"0dd7436efbda760dd6fc10b1cfbb478a","index":{"nums":[0,1,244,44,10,0,0,0],"html_filename":"pygeodesy3_maths_vector3d_py.html","relative_filename":"pygeodesy3/maths/vector3d.py"}},"pygeodesy3_miscs___init___py":{"hash":"6a0f8ae47413804f10ef8b7041098eea","index":{"nums":[0,1,6,9,1,0,0,0],"html_filename":"pygeodesy3_miscs___init___py.html","relative_filename":"pygeodesy3/miscs/__init__.py"}},"pygeodesy3_miscs_dms_py":{"hash":"0c3ffdb118b04c5e322b4ef4a49cdcfa","index":{"nums":[0,1,283,33,13,0,0,0],"html_filename":"pygeodesy3_miscs_dms_py.html","relative_filename":"pygeodesy3/miscs/dms.py"}},"pygeodesy3_miscs_errors_py":{"hash":"7b35ff160f8a5effd62a1a36ef8b8d30","index":{"nums":[0,1,223,25,12,0,0,0],"html_filename":"pygeodesy3_miscs_errors_py.html","relative_filename":"pygeodesy3/miscs/errors.py"}},"pygeodesy3_miscs_iters_py":{"hash":"ec3d2af8985795d381eaa1b3a899371b","index":{"nums":[0,1,203,25,7,0,0,0],"html_filename":"pygeodesy3_miscs_iters_py.html","relative_filename":"pygeodesy3/miscs/iters.py"}},"pygeodesy3_miscs_named_py":{"hash":"03a83fac7d3161b55b8c1ecf99073e4b","index":{"nums":[0,1,450,106,16,0,0,0],"html_filename":"pygeodesy3_miscs_named_py.html","relative_filename":"pygeodesy3/miscs/named.py"}},"pygeodesy3_miscs_namedTuples_py":{"hash":"b6caa80496ab7509f4b6eedb6812a04c","index":{"nums":[0,1,197,1,5,0,0,0],"html_filename":"pygeodesy3_miscs_namedTuples_py.html","relative_filename":"pygeodesy3/miscs/namedTuples.py"}},"pygeodesy3_miscs_props_py":{"hash":"6e0c6a955281f552239fd22c37eef6cc","index":{"nums":[0,1,204,55,14,0,0,0],"html_filename":"pygeodesy3_miscs_props_py.html","relative_filename":"pygeodesy3/miscs/props.py"}},"pygeodesy3_miscs_streprs_py":{"hash":"57de8232edf60902c52801a02ec1f1c4","index":{"nums":[0,1,269,19,12,0,0,0],"html_filename":"pygeodesy3_miscs_streprs_py.html","relative_filename":"pygeodesy3/miscs/streprs.py"}},"pygeodesy3_miscs_units_py":{"hash":"457ec5271e5aade7822c1300656cafaf","index":{"nums":[0,1,333,18,26,0,0,0],"html_filename":"pygeodesy3_miscs_units_py.html","relative_filename":"pygeodesy3/miscs/units.py"}},"pygeodesy3_polygonal___init___py":{"hash":"3bb97b1feb21d4719ad6f8b34fbf259c","index":{"nums":[0,1,6,5,1,0,0,0],"html_filename":"pygeodesy3_polygonal___init___py.html","relative_filename":"pygeodesy3/polygonal/__init__.py"}},"pygeodesy3_polygonal_booleans_py":{"hash":"09183be481460039b3a0d1cb09960280","index":{"nums":[0,1,982,118,60,0,0,0],"html_filename":"pygeodesy3_polygonal_booleans_py.html","relative_filename":"pygeodesy3/polygonal/booleans.py"}},"pygeodesy3_polygonal_clipy_py":{"hash":"804b684258491a6ba6fdca2586a7cf79","index":{"nums":[0,1,318,18,14,0,0,0],"html_filename":"pygeodesy3_polygonal_clipy_py.html","relative_filename":"pygeodesy3/polygonal/clipy.py"}},"pygeodesy3_polygonal_points_py":{"hash":"8fb57e1750c81b4dedb788f0b5b6cddb","index":{"nums":[0,1,534,80,38,0,0,0],"html_filename":"pygeodesy3_polygonal_points_py.html","relative_filename":"pygeodesy3/polygonal/points.py"}},"pygeodesy3_polygonal_simplify_py":{"hash":"a98fdea5405d1017f168dce3b434951f","index":{"nums":[0,1,227,4,2,0,0,0],"html_filename":"pygeodesy3_polygonal_simplify_py.html","relative_filename":"pygeodesy3/polygonal/simplify.py"}},"pygeodesy3_projections___init___py":{"hash":"4d6d1ccff2c0b769f1eb666f8aa7135e","index":{"nums":[0,1,6,13,1,0,0,0],"html_filename":"pygeodesy3_projections___init___py.html","relative_filename":"pygeodesy3/projections/__init__.py"}},"pygeodesy3_projections_albers_py":{"hash":"592aa0cb4aeead0d50e5a2b6d0a43243","index":{"nums":[0,1,422,21,13,0,0,0],"html_filename":"pygeodesy3_projections_albers_py.html","relative_filename":"pygeodesy3/projections/albers.py"}},"pygeodesy3_projections_azimuthal_py":{"hash":"13333bb6808215ac15915e4f1d8c6baa","index":{"nums":[0,1,315,55,3,0,0,0],"html_filename":"pygeodesy3_projections_azimuthal_py.html","relative_filename":"pygeodesy3/projections/azimuthal.py"}},"pygeodesy3_projections_css_py":{"hash":"4ad1925e0d66ed4e2fcbb17106160c88","index":{"nums":[0,1,234,8,6,0,0,0],"html_filename":"pygeodesy3_projections_css_py.html","relative_filename":"pygeodesy3/projections/css.py"}},"pygeodesy3_projections_etm_py":{"hash":"18731f7af5ff497ab7e8c772d4f44389","index":{"nums":[0,1,412,77,33,0,0,0],"html_filename":"pygeodesy3_projections_etm_py.html","relative_filename":"pygeodesy3/projections/etm.py"}},"pygeodesy3_projections_ktm_py":{"hash":"592fe43cba2e5e6ed4e420f0bdc8d72e","index":{"nums":[0,1,230,40,8,0,0,0],"html_filename":"pygeodesy3_projections_ktm_py.html","relative_filename":"pygeodesy3/projections/ktm.py"}},"pygeodesy3_projections_lcc_py":{"hash":"0dfc1a07061ed2eb3e65c64ad982e419","index":{"nums":[0,1,277,6,10,0,0,0],"html_filename":"pygeodesy3_projections_lcc_py.html","relative_filename":"pygeodesy3/projections/lcc.py"}},"pygeodesy3_projections_ltp_py":{"hash":"705a0b569c3e951649aa92f43ca36832","index":{"nums":[0,1,412,42,16,0,0,0],"html_filename":"pygeodesy3_projections_ltp_py.html","relative_filename":"pygeodesy3/projections/ltp.py"}},"pygeodesy3_projections_ltpTuples_py":{"hash":"405544f579173390efed03059d55cfdc","index":{"nums":[0,1,565,37,32,0,0,0],"html_filename":"pygeodesy3_projections_ltpTuples_py.html","relative_filename":"pygeodesy3/projections/ltpTuples.py"}},"pygeodesy3_projections_ups_py":{"hash":"b6c3aa601cbe03e066c2cbd25ab05b01","index":{"nums":[0,1,165,6,5,0,0,0],"html_filename":"pygeodesy3_projections_ups_py.html","relative_filename":"pygeodesy3/projections/ups.py"}},"pygeodesy3_projections_utm_py":{"hash":"638d70c65f712e085a4065ffe9b0439f","index":{"nums":[0,1,264,17,8,0,0,0],"html_filename":"pygeodesy3_projections_utm_py.html","relative_filename":"pygeodesy3/projections/utm.py"}},"pygeodesy3_projections_utmups_py":{"hash":"b8226c1721df14473834cfa27d65ea5b","index":{"nums":[0,1,88,13,3,0,0,0],"html_filename":"pygeodesy3_projections_utmups_py.html","relative_filename":"pygeodesy3/projections/utmups.py"}},"pygeodesy3_projections_webmercator_py":{"hash":"e3d217d373ad8f19ad79af6bc03bcb6b","index":{"nums":[0,1,127,7,1,0,0,0],"html_filename":"pygeodesy3_projections_webmercator_py.html","relative_filename":"pygeodesy3/projections/webmercator.py"}},"pygeodesy3_rhumb___init___py":{"hash":"bf31b27be80c2efc6da8543ceed291ed","index":{"nums":[0,1,6,4,1,0,0,0],"html_filename":"pygeodesy3_rhumb___init___py.html","relative_filename":"pygeodesy3/rhumb/__init__.py"}},"pygeodesy3_rhumb_aux__py":{"hash":"18b91874e101f9878a0fc9222de3871b","index":{"nums":[0,1,145,2,7,0,0,0],"html_filename":"pygeodesy3_rhumb_aux__py.html","relative_filename":"pygeodesy3/rhumb/aux_.py"}},"pygeodesy3_rhumb_bases_py":{"hash":"75cd6812e776aa353cd26841e7484f04","index":{"nums":[0,1,373,97,23,0,0,0],"html_filename":"pygeodesy3_rhumb_bases_py.html","relative_filename":"pygeodesy3/rhumb/bases.py"}},"pygeodesy3_rhumb_ekx_py":{"hash":"3eefc37cb5fb7ca4acca9f8941faf667","index":{"nums":[0,1,231,10,9,0,0,0],"html_filename":"pygeodesy3_rhumb_ekx_py.html","relative_filename":"pygeodesy3/rhumb/ekx.py"}},"pygeodesy3_rhumb_solve_py":{"hash":"01f74487c89d8ffbe227c1c64d5a4a0b","index":{"nums":[0,1,97,60,11,0,0,0],"html_filename":"pygeodesy3_rhumb_solve_py.html","relative_filename":"pygeodesy3/rhumb/solve.py"}},"pygeodesy3_spherical___init___py":{"hash":"fa60d601186d37856d9a20e7ca29ac10","index":{"nums":[0,1,6,0,1,0,0,0],"html_filename":"pygeodesy3_spherical___init___py.html","relative_filename":"pygeodesy3/spherical/__init__.py"}},"pygeodesy3_spherical_base_py":{"hash":"61090ed12531e5c6f055d2f1177f3041","index":{"nums":[0,1,248,11,14,0,0,0],"html_filename":"pygeodesy3_spherical_base_py.html","relative_filename":"pygeodesy3/spherical/base.py"}},"pygeodesy3_spherical_nvector_py":{"hash":"3c1c817cc3816723a122b800a99e45c9","index":{"nums":[0,1,317,6,27,0,0,0],"html_filename":"pygeodesy3_spherical_nvector_py.html","relative_filename":"pygeodesy3/spherical/nvector.py"}},"pygeodesy3_spherical_trigonometry_py":{"hash":"6b20d00e516b697b129420ea38fc6bde","index":{"nums":[0,1,387,32,26,0,0,0],"html_filename":"pygeodesy3_spherical_trigonometry_py.html","relative_filename":"pygeodesy3/spherical/trigonometry.py"}}}}